{"train/medusa0_top1": 0.027027027681469917, "train/medusa0_top2": 0.054054055362939835, "train/medusa0_top3": 0.06756757199764252, "train/medusa0_top4": 0.09459459781646729, "train/medusa0_top5": 0.12162162363529205, "train/medusa0_loss": 21.75, "train/epoch": 0, "train/global_step": 0, "_timestamp": 1702646986.2098384, "_runtime": 123.86920428276062, "_step": 210, "train/loss": 0.0, "train/learning_rate": 0.0, "eval/loss": NaN, "eval/runtime": 0.3349, "eval/samples_per_second": 38.814, "eval/steps_per_second": 38.814, "train/train_runtime": 20.7724, "train/train_samples_per_second": 0.626, "train/train_steps_per_second": 0.626, "train/total_flos": 0.0, "train/train_loss": 101.0673076923077, "_wandb": {"runtime": 27}}