{"train/medusa0_top1": 0.002706359839066863, "train/medusa0_top2": 0.005412719678133726, "train/medusa0_top3": 0.0067658997140824795, "train/medusa0_top4": 0.008119079284369946, "train/medusa0_top5": 0.008119079284369946, "train/medusa0_loss": 25.45855712890625, "train/epoch": 0.62, "train/global_step": 8, "_timestamp": 1703585338.2102058, "_runtime": 1484.990476846695, "_step": 211, "train/loss": 29.162, "train/learning_rate": 0.001, "eval/loss": 27.04638671875, "eval/runtime": 2.0777, "eval/samples_per_second": 6.257, "eval/steps_per_second": 6.257, "train/train_runtime": 2.9314, "train/train_samples_per_second": 4.435, "train/train_steps_per_second": 0.341, "train/total_flos": 0.0, "train/train_loss": 24.061111450195312}