{"train/medusa0_top1": 0.01994415745139122, "train/medusa0_top2": 0.03869166225194931, "train/medusa0_top3": 0.062225766479969025, "train/medusa0_top4": 0.07818109542131424, "train/medusa0_top5": 0.09014758467674255, "train/medusa0_loss": 22.841766357421875, "train/global_step": 0, "_timestamp": 1703575729.4803455, "_runtime": 9.588575601577759, "_step": 0, "_wandb": {"runtime": 9}}