{"train/medusa1_top1": 0.38730159401893616, "train/medusa1_top2": 0.5301587581634521, "train/medusa1_top3": 0.5841270089149475, "train/medusa1_top4": 0.6158730387687683, "train/medusa1_top5": 0.6507936716079712, "train/medusa1_loss": 3.11926531791687, "train/global_step": 34, "_timestamp": 1701193260.8021476, "_runtime": 544.1546676158905, "_step": 381, "eval/loss": NaN, "eval/runtime": 22.0153, "eval/samples_per_second": 6.223, "eval/steps_per_second": 3.134, "train/epoch": 0.99, "train/loss": 3.1458, "train/learning_rate": 2.739052315863355e-06, "train/train_runtime": 28.6842, "train/train_samples_per_second": 4.776, "train/train_steps_per_second": 1.185, "train/total_flos": 0.0, "train/train_loss": 3.570137041456559}