{"train/medusa0_top1": 0.07219784706830978, "train/medusa0_top2": 0.1072995588183403, "train/medusa0_top3": 0.13681691884994507, "train/medusa0_top4": 0.1567610651254654, "train/medusa0_top5": 0.17351415753364563, "train/medusa0_loss": 57.357093811035156, "train/epoch": 1.0, "train/global_step": 1, "_timestamp": 1702561125.7916772, "_runtime": 1599.2305371761322, "_step": 8, "train/loss": -204.4366, "train/learning_rate": 0.001}