{"train/medusa0_top1": 0.011777302250266075, "train/medusa0_top2": 0.031049249693751335, "train/medusa0_top3": 0.044967878609895706, "train/medusa0_top4": 0.05674518272280693, "train/medusa0_top5": 0.06638115644454956, "train/medusa0_loss": 21.47059440612793, "train/global_step": 0, "_timestamp": 1703575414.1342168, "_runtime": 4177.537880897522, "_step": 988, "_wandb": {"runtime": 3069}}