{"train/medusa0_top1": 0.07219784706830978, "train/medusa0_top2": 0.1072995588183403, "train/medusa0_top3": 0.13681691884994507, "train/medusa0_top4": 0.1567610651254654, "train/medusa0_top5": 0.17351415753364563, "train/medusa0_loss": 57.357093811035156, "train/epoch": 1.0, "train/global_step": 1, "_timestamp": 1702559487.4416106, "_runtime": 99.09425067901611, "_step": 5, "train/loss": -234.3302, "train/learning_rate": 0.001, "_wandb": {"runtime": 111}}