{"train/medusa0_top1": 0.025401070713996887, "train/medusa0_top2": 0.041443850845098495, "train/medusa0_top3": 0.05481283366680145, "train/medusa0_top4": 0.06818182021379471, "train/medusa0_top5": 0.08021390438079834, "train/medusa0_loss": 81.00184631347656, "train/global_step": 0, "_timestamp": 1702343509.747579, "_runtime": 3138.7879550457, "_step": 2441, "eval/loss": 83.14002990722656, "eval/runtime": 0.9495, "eval/samples_per_second": 13.691, "eval/steps_per_second": 1.053}