{"train/medusa0_top1": 0.0, "train/medusa0_top2": 0.0, "train/medusa0_top3": 0.0, "train/medusa0_top4": 0.0, "train/medusa0_top5": 0.0, "train/medusa0_loss": 19.901456832885742, "train/global_step": 0, "_timestamp": 1702642879.6421587, "_runtime": 1219.2246718406677, "_step": 33, "eval/loss": 22.912487030029297, "eval/runtime": 14.6309, "eval/samples_per_second": 0.889, "eval/steps_per_second": 0.478, "_wandb": {"runtime": 1804}}