{"train/medusa0_top1": 0.07067137956619263, "train/medusa0_top2": 0.11513546109199524, "train/medusa0_top3": 0.15076561272144318, "train/medusa0_top4": 0.17373381555080414, "train/medusa0_top5": 0.18934041261672974, "train/medusa0_loss": 58.236419677734375, "train/global_step": 0, "_timestamp": 1702559303.6628637, "_runtime": 919.1621446609497, "_step": 15, "train/epoch": 0, "_wandb": {"runtime": 672}}