{"train/medusa0_top1": 0.6091336607933044, "train/medusa0_top2": 0.7280053496360779, "train/medusa0_top3": 0.7783747315406799, "train/medusa0_top4": 0.8092679381370544, "train/medusa0_top5": 0.8334452509880066, "train/medusa0_loss": 1.6527328491210938, "train/global_step": 0, "_timestamp": 1701701587.893889, "_runtime": 97.44063401222229, "_step": 70, "eval/loss": NaN, "eval/runtime": 25.3183, "eval/samples_per_second": 5.411, "eval/steps_per_second": 2.725, "train/epoch": 0}