{"train/medusa0_top1": 0.07442489266395569, "train/medusa0_top2": 0.09607577323913574, "train/medusa0_top3": 0.10825439542531967, "train/medusa0_top4": 0.1163734719157219, "train/medusa0_top5": 0.12584573030471802, "train/medusa0_loss": 20.603195190429688, "train/global_step": 0, "_timestamp": 1703577774.7378845, "_runtime": 10.924375534057617, "_step": 3, "_wandb": {"runtime": 10}}