{"train/medusa0_top1": 0.027027027681469917, "train/medusa0_top2": 0.054054055362939835, "train/medusa0_top3": 0.06756757199764252, "train/medusa0_top4": 0.09459459781646729, "train/medusa0_top5": 0.12162162363529205, "train/medusa0_loss": 21.75, "train/epoch": 0, "train/global_step": 0, "_timestamp": 1702646840.0359764, "_runtime": 34.40509748458862, "_step": 15, "train/loss": 21.75, "train/learning_rate": 0.0005, "_wandb": {"runtime": 21}}