{"train/medusa0_top1": 0.027027027681469917, "train/medusa0_top2": 0.054054055362939835, "train/medusa0_top3": 0.06756757199764252, "train/medusa0_top4": 0.0810810849070549, "train/medusa0_top5": 0.12162162363529205, "train/medusa0_loss": 21.745269775390625, "train/global_step": 0, "_timestamp": 1702646700.4981182, "_runtime": 2389.063989162445, "_step": 40, "train/epoch": 0, "_wandb": {"runtime": 1456}}