{"train/medusa0_top1": 0.043887145817279816, "train/medusa0_top2": 0.06112852692604065, "train/medusa0_top3": 0.08307209610939026, "train/medusa0_top4": 0.09561128169298172, "train/medusa0_top5": 0.11442005634307861, "train/medusa0_loss": 23.960725784301758, "train/global_step": 0, "_timestamp": 1702641039.6896996, "_runtime": 87.8521077632904, "_step": 7, "train/epoch": 0, "_wandb": {"runtime": 14}}