{"train/medusa0_top1": 0.041948579251766205, "train/medusa0_top2": 0.05683355778455734, "train/medusa0_top3": 0.07442489266395569, "train/medusa0_top4": 0.08660351485013962, "train/medusa0_top5": 0.10554803162813187, "train/medusa0_loss": 19.67524528503418, "train/global_step": 1, "_timestamp": 1703583758.4793086, "_runtime": 4044.5830266475677, "_step": 54, "eval/loss": 22.60823631286621, "eval/medusa0_top1": 0.023670708760619164, "eval/medusa0_top2": 0.04559234902262688, "eval/medusa0_top3": 0.059468284249305725, "eval/medusa0_top4": 0.07171175628900528, "eval/medusa0_top5": 0.0851212665438652, "eval/medusa0_loss": 22.603498458862305, "eval/runtime": 9.6325, "eval/samples_per_second": 1.35, "eval/steps_per_second": 0.415, "train/epoch": 1.0, "train/loss": 21.2898, "train/learning_rate": 0.001}