{"train/medusa0_top1": 0.03342245891690254, "train/medusa0_top2": 0.08556149899959564, "train/medusa0_top3": 0.14171123504638672, "train/medusa0_top4": 0.16443850100040436, "train/medusa0_top5": 0.18582887947559357, "train/medusa0_loss": 10.668783187866211, "train/global_step": 0, "_timestamp": 1701692664.2702105, "_runtime": 553.509432554245, "_step": 142, "eval/loss": NaN, "eval/runtime": 27.8702, "eval/samples_per_second": 4.916, "eval/steps_per_second": 4.916, "train/epoch": 0, "_wandb": {"runtime": 34}}